1,https://via.placeholder.com/600/92c952,accusamus beatae ad facilis cum similique qui sunt
2,https://via.placeholder.com/600/771796,reprehenderit est deserunt velit ipsam
3,https://via.placeholder.com/600/24f355,officia porro iure quia iusto qui ipsa ut modi
4,https://via.placeholder.com/600/d32776,culpa odio esse rerum omnis laboriosam voluptate repudiandae
5,https://via.placeholder.com/600/f66b97,natus nisi omnis corporis facere molestiae rerum in
6,https://via.placeholder.com/600/56a8c2,accusamus ea aliquid et amet sequi nemo
7,https://via.placeholder.com/600/b0f7cc,officia delectus consequatur vero aut veniam explicabo molestias
8,https://via.placeholder.com/600/54176f,aut porro officiis laborum odit ea laudantium corporis
9,https://via.placeholder.com/600/51aa97,qui eius qui autem sed
10,https://via.placeholder.com/600/810b14,beatae et provident et ut vel
11,https://via.placeholder.com/600/1ee8a4,nihil at amet non hic quia qui
12,https://via.placeholder.com/600/66b7d2,mollitia soluta ut rerum eos aliquam consequatur perspiciatis maiores
13,https://via.placeholder.com/600/197d29,repudiandae iusto deleniti rerum
14,https://via.placeholder.com/600/61a65,est necessitatibus architecto ut laborum
15,https://via.placeholder.com/600/f9cee5,harum dicta similique quis dolore earum ex qui
16,https://via.placeholder.com/600/fdf73e,iusto sunt nobis quasi veritatis quas expedita voluptatum deserunt
17,https://via.placeholder.com/600/9c184f,natus doloribus necessitatibus ipsa
18,https://via.placeholder.com/600/1fe46f,laboriosam odit nam necessitatibus et illum dolores reiciendis
19,https://via.placeholder.com/600/56acb2,perferendis nesciunt eveniet et optio a
20,https://via.placeholder.com/600/8985dc,assumenda voluptatem laboriosam enim consequatur veniam placeat reiciendis error
21,https://via.placeholder.com/600/5e12c6,ad et natus qui
22,https://via.placeholder.com/600/45601a,et ea illo et sit voluptas animi blanditiis porro
23,https://via.placeholder.com/600/e924e6,harum velit vero totam
24,https://via.placeholder.com/600/8f209a,beatae officiis ut aut
25,https://via.placeholder.com/600/5e3a73,facere non quis fuga fugit vitae
26,https://via.placeholder.com/600/474645,asperiores nobis voluptate qui
27,https://via.placeholder.com/600/c984bf,sit asperiores est quos quis nisi veniam error
28,https://via.placeholder.com/600/392537,non neque eligendi molestiae repudiandae illum voluptatem qui aut
29,https://via.placeholder.com/600/602b9e,aut ipsam quos ab placeat omnis
30,https://via.placeholder.com/600/372c93,odio enim voluptatem quidem aut nihil illum
31,https://via.placeholder.com/600/a7c272,voluptate voluptates sequi
32,https://via.placeholder.com/600/c70a4d,ad enim dignissimos voluptatem similique
33,https://via.placeholder.com/600/501fe1,culpa ipsam nobis qui fuga magni et mollitia
34,https://via.placeholder.com/600/35185e,vitae est facere quia itaque adipisci perferendis id maiores
35,https://via.placeholder.com/600/c96cad,tenetur minus voluptatum et
36,https://via.placeholder.com/600/4d564d,expedita rerum eaque
37,https://via.placeholder.com/600/ea51da,totam voluptas iusto deserunt dolores
38,https://via.placeholder.com/600/4f5b8d,natus magnam iure rerum pariatur molestias dolore nisi
39,https://via.placeholder.com/600/1e71a2,molestiae nam ullam et rerum doloribus
40,https://via.placeholder.com/600/3a0b95,est quas voluptates dignissimos sint praesentium nisi recusandae
41,https://via.placeholder.com/600/659403,in voluptatem doloremque cum atque architecto deleniti
42,https://via.placeholder.com/600/ca50ac,voluptatibus a autem molestias voluptas architecto culpa
43,https://via.placeholder.com/600/6ad437,eius hic autem ad beatae voluptas
44,https://via.placeholder.com/600/29fe9f,neque eum provident et inventore sed ipsam dignissimos quo
45,https://via.placeholder.com/600/c4084a,praesentium fugit quis aut voluptatum commodi dolore corrupti
46,https://via.placeholder.com/600/e9b68,quidem maiores in quia fugit dolore explicabo occaecati
47,https://via.placeholder.com/600/b4412f,et soluta est
48,https://via.placeholder.com/600/68e0a8,ut esse id
49,https://via.placeholder.com/600/2cd88b,quasi quae est modi quis quam in impedit
50,https://via.placeholder.com/600/9e59da,et inventore quae ut tempore eius voluptatum
1,https://via.placeholder.com/600/92c952,accusamus beatae ad facilis cum similique qui sunt
2,https://via.placeholder.com/600/771796,reprehenderit est deserunt velit ipsam
3,https://via.placeholder.com/600/24f355,officia porro iure quia iusto qui ipsa ut modi
4,https://via.placeholder.com/600/d32776,culpa odio esse rerum omnis laboriosam voluptate repudiandae
5,https://via.placeholder.com/600/f66b97,natus nisi omnis corporis facere molestiae rerum in
6,https://via.placeholder.com/600/56a8c2,accusamus ea aliquid et amet sequi nemo
7,https://via.placeholder.com/600/b0f7cc,officia delectus consequatur vero aut veniam explicabo molestias
8,https://via.placeholder.com/600/54176f,aut porro officiis laborum odit ea laudantium corporis
9,https://via.placeholder.com/600/51aa97,qui eius qui autem sed
10,https://via.placeholder.com/600/810b14,beatae et provident et ut vel
11,https://via.placeholder.com/600/1ee8a4,nihil at amet non hic quia qui
12,https://via.placeholder.com/600/66b7d2,mollitia soluta ut rerum eos aliquam consequatur perspiciatis maiores
13,https://via.placeholder.com/600/197d29,repudiandae iusto deleniti rerum
14,https://via.placeholder.com/600/61a65,est necessitatibus architecto ut laborum
15,https://via.placeholder.com/600/f9cee5,harum dicta similique quis dolore earum ex qui
16,https://via.placeholder.com/600/fdf73e,iusto sunt nobis quasi veritatis quas expedita voluptatum deserunt
17,https://via.placeholder.com/600/9c184f,natus doloribus necessitatibus ipsa
18,https://via.placeholder.com/600/1fe46f,laboriosam odit nam necessitatibus et illum dolores reiciendis
19,https://via.placeholder.com/600/56acb2,perferendis nesciunt eveniet et optio a
20,https://via.placeholder.com/600/8985dc,assumenda voluptatem laboriosam enim consequatur veniam placeat reiciendis error
21,https://via.placeholder.com/600/5e12c6,ad et natus qui
22,https://via.placeholder.com/600/45601a,et ea illo et sit voluptas animi blanditiis porro
23,https://via.placeholder.com/600/e924e6,harum velit vero totam
24,https://via.placeholder.com/600/8f209a,beatae officiis ut aut
25,https://via.placeholder.com/600/5e3a73,facere non quis fuga fugit vitae
26,https://via.placeholder.com/600/474645,asperiores nobis voluptate qui
27,https://via.placeholder.com/600/c984bf,sit asperiores est quos quis nisi veniam error
28,https://via.placeholder.com/600/392537,non neque eligendi molestiae repudiandae illum voluptatem qui aut
29,https://via.placeholder.com/600/602b9e,aut ipsam quos ab placeat omnis
30,https://via.placeholder.com/600/372c93,odio enim voluptatem quidem aut nihil illum
31,https://via.placeholder.com/600/a7c272,voluptate voluptates sequi
32,https://via.placeholder.com/600/c70a4d,ad enim dignissimos voluptatem similique
33,https://via.placeholder.com/600/501fe1,culpa ipsam nobis qui fuga magni et mollitia
34,https://via.placeholder.com/600/35185e,vitae est facere quia itaque adipisci perferendis id maiores
35,https://via.placeholder.com/600/c96cad,tenetur minus voluptatum et
36,https://via.placeholder.com/600/4d564d,expedita rerum eaque
37,https://via.placeholder.com/600/ea51da,totam voluptas iusto deserunt dolores
38,https://via.placeholder.com/600/4f5b8d,natus magnam iure rerum pariatur molestias dolore nisi
39,https://via.placeholder.com/600/1e71a2,molestiae nam ullam et rerum doloribus
40,https://via.placeholder.com/600/3a0b95,est quas voluptates dignissimos sint praesentium nisi recusandae
41,https://via.placeholder.com/600/659403,in voluptatem doloremque cum atque architecto deleniti
42,https://via.placeholder.com/600/ca50ac,voluptatibus a autem molestias voluptas architecto culpa
43,https://via.placeholder.com/600/6ad437,eius hic autem ad beatae voluptas
44,https://via.placeholder.com/600/29fe9f,neque eum provident et inventore sed ipsam dignissimos quo
45,https://via.placeholder.com/600/c4084a,praesentium fugit quis aut voluptatum commodi dolore corrupti
46,https://via.placeholder.com/600/e9b68,quidem maiores in quia fugit dolore explicabo occaecati
47,https://via.placeholder.com/600/b4412f,et soluta est
48,https://via.placeholder.com/600/68e0a8,ut esse id
49,https://via.placeholder.com/600/2cd88b,quasi quae est modi quis quam in impedit
50,https://via.placeholder.com/600/9e59da,et inventore quae ut tempore eius voluptatum
1,https://via.placeholder.com/600/92c952,accusamus beatae ad facilis cum similique qui sunt
2,https://via.placeholder.com/600/771796,reprehenderit est deserunt velit ipsam
3,https://via.placeholder.com/600/24f355,officia porro iure quia iusto qui ipsa ut modi
4,https://via.placeholder.com/600/d32776,culpa odio esse rerum omnis laboriosam voluptate repudiandae
5,https://via.placeholder.com/600/f66b97,natus nisi omnis corporis facere molestiae rerum in
6,https://via.placeholder.com/600/56a8c2,accusamus ea aliquid et amet sequi nemo
7,https://via.placeholder.com/600/b0f7cc,officia delectus consequatur vero aut veniam explicabo molestias
8,https://via.placeholder.com/600/54176f,aut porro officiis laborum odit ea laudantium corporis
9,https://via.placeholder.com/600/51aa97,qui eius qui autem sed
10,https://via.placeholder.com/600/810b14,beatae et provident et ut vel
11,https://via.placeholder.com/600/1ee8a4,nihil at amet non hic quia qui
12,https://via.placeholder.com/600/66b7d2,mollitia soluta ut rerum eos aliquam consequatur perspiciatis maiores
13,https://via.placeholder.com/600/197d29,repudiandae iusto deleniti rerum
14,https://via.placeholder.com/600/61a65,est necessitatibus architecto ut laborum
15,https://via.placeholder.com/600/f9cee5,harum dicta similique quis dolore earum ex qui
16,https://via.placeholder.com/600/fdf73e,iusto sunt nobis quasi veritatis quas expedita voluptatum deserunt
17,https://via.placeholder.com/600/9c184f,natus doloribus necessitatibus ipsa
18,https://via.placeholder.com/600/1fe46f,laboriosam odit nam necessitatibus et illum dolores reiciendis
19,https://via.placeholder.com/600/56acb2,perferendis nesciunt eveniet et optio a
20,https://via.placeholder.com/600/8985dc,assumenda voluptatem laboriosam enim consequatur veniam placeat reiciendis error
21,https://via.placeholder.com/600/5e12c6,ad et natus qui
22,https://via.placeholder.com/600/45601a,et ea illo et sit voluptas animi blanditiis porro
23,https://via.placeholder.com/600/e924e6,harum velit vero totam
24,https://via.placeholder.com/600/8f209a,beatae officiis ut aut
25,https://via.placeholder.com/600/5e3a73,facere non quis fuga fugit vitae
26,https://via.placeholder.com/600/474645,asperiores nobis voluptate qui
27,https://via.placeholder.com/600/c984bf,sit asperiores est quos quis nisi veniam error
28,https://via.placeholder.com/600/392537,non neque eligendi molestiae repudiandae illum voluptatem qui aut
29,https://via.placeholder.com/600/602b9e,aut ipsam quos ab placeat omnis
30,https://via.placeholder.com/600/372c93,odio enim voluptatem quidem aut nihil illum
31,https://via.placeholder.com/600/a7c272,voluptate voluptates sequi
32,https://via.placeholder.com/600/c70a4d,ad enim dignissimos voluptatem similique
33,https://via.placeholder.com/600/501fe1,culpa ipsam nobis qui fuga magni et mollitia
34,https://via.placeholder.com/600/35185e,vitae est facere quia itaque adipisci perferendis id maiores
35,https://via.placeholder.com/600/c96cad,tenetur minus voluptatum et
36,https://via.placeholder.com/600/4d564d,expedita rerum eaque
37,https://via.placeholder.com/600/ea51da,totam voluptas iusto deserunt dolores
38,https://via.placeholder.com/600/4f5b8d,natus magnam iure rerum pariatur molestias dolore nisi
39,https://via.placeholder.com/600/1e71a2,molestiae nam ullam et rerum doloribus
40,https://via.placeholder.com/600/3a0b95,est quas voluptates dignissimos sint praesentium nisi recusandae
41,https://via.placeholder.com/600/659403,in voluptatem doloremque cum atque architecto deleniti
42,https://via.placeholder.com/600/ca50ac,voluptatibus a autem molestias voluptas architecto culpa
43,https://via.placeholder.com/600/6ad437,eius hic autem ad beatae voluptas
44,https://via.placeholder.com/600/29fe9f,neque eum provident et inventore sed ipsam dignissimos quo
45,https://via.placeholder.com/600/c4084a,praesentium fugit quis aut voluptatum commodi dolore corrupti
46,https://via.placeholder.com/600/e9b68,quidem maiores in quia fugit dolore explicabo occaecati
47,https://via.placeholder.com/600/b4412f,et soluta est
48,https://via.placeholder.com/600/68e0a8,ut esse id
49,https://via.placeholder.com/600/2cd88b,quasi quae est modi quis quam in impedit
50,https://via.placeholder.com/600/9e59da,et inventore quae ut tempore eius voluptatum
1,https://via.placeholder.com/600/92c952,accusamus beatae ad facilis cum similique qui sunt
2,https://via.placeholder.com/600/771796,reprehenderit est deserunt velit ipsam
3,https://via.placeholder.com/600/24f355,officia porro iure quia iusto qui ipsa ut modi
4,https://via.placeholder.com/600/d32776,culpa odio esse rerum omnis laboriosam voluptate repudiandae
5,https://via.placeholder.com/600/f66b97,natus nisi omnis corporis facere molestiae rerum in
6,https://via.placeholder.com/600/56a8c2,accusamus ea aliquid et amet sequi nemo
7,https://via.placeholder.com/600/b0f7cc,officia delectus consequatur vero aut veniam explicabo molestias
8,https://via.placeholder.com/600/54176f,aut porro officiis laborum odit ea laudantium corporis
9,https://via.placeholder.com/600/51aa97,qui eius qui autem sed
10,https://via.placeholder.com/600/810b14,beatae et provident et ut vel
11,https://via.placeholder.com/600/1ee8a4,nihil at amet non hic quia qui
12,https://via.placeholder.com/600/66b7d2,mollitia soluta ut rerum eos aliquam consequatur perspiciatis maiores
13,https://via.placeholder.com/600/197d29,repudiandae iusto deleniti rerum
14,https://via.placeholder.com/600/61a65,est necessitatibus architecto ut laborum
15,https://via.placeholder.com/600/f9cee5,harum dicta similique quis dolore earum ex qui
16,https://via.placeholder.com/600/fdf73e,iusto sunt nobis quasi veritatis quas expedita voluptatum deserunt
17,https://via.placeholder.com/600/9c184f,natus doloribus necessitatibus ipsa
18,https://via.placeholder.com/600/1fe46f,laboriosam odit nam necessitatibus et illum dolores reiciendis
19,https://via.placeholder.com/600/56acb2,perferendis nesciunt eveniet et optio a
20,https://via.placeholder.com/600/8985dc,assumenda voluptatem laboriosam enim consequatur veniam placeat reiciendis error
21,https://via.placeholder.com/600/5e12c6,ad et natus qui
22,https://via.placeholder.com/600/45601a,et ea illo et sit voluptas animi blanditiis porro
23,https://via.placeholder.com/600/e924e6,harum velit vero totam
24,https://via.placeholder.com/600/8f209a,beatae officiis ut aut
25,https://via.placeholder.com/600/5e3a73,facere non quis fuga fugit vitae
26,https://via.placeholder.com/600/474645,asperiores nobis voluptate qui
27,https://via.placeholder.com/600/c984bf,sit asperiores est quos quis nisi veniam error
28,https://via.placeholder.com/600/392537,non neque eligendi molestiae repudiandae illum voluptatem qui aut
29,https://via.placeholder.com/600/602b9e,aut ipsam quos ab placeat omnis
30,https://via.placeholder.com/600/372c93,odio enim voluptatem quidem aut nihil illum
31,https://via.placeholder.com/600/a7c272,voluptate voluptates sequi
32,https://via.placeholder.com/600/c70a4d,ad enim dignissimos voluptatem similique
33,https://via.placeholder.com/600/501fe1,culpa ipsam nobis qui fuga magni et mollitia
34,https://via.placeholder.com/600/35185e,vitae est facere quia itaque adipisci perferendis id maiores
35,https://via.placeholder.com/600/c96cad,tenetur minus voluptatum et
36,https://via.placeholder.com/600/4d564d,expedita rerum eaque
37,https://via.placeholder.com/600/ea51da,totam voluptas iusto deserunt dolores
38,https://via.placeholder.com/600/4f5b8d,natus magnam iure rerum pariatur molestias dolore nisi
39,https://via.placeholder.com/600/1e71a2,molestiae nam ullam et rerum doloribus
40,https://via.placeholder.com/600/3a0b95,est quas voluptates dignissimos sint praesentium nisi recusandae
41,https://via.placeholder.com/600/659403,in voluptatem doloremque cum atque architecto deleniti
42,https://via.placeholder.com/600/ca50ac,voluptatibus a autem molestias voluptas architecto culpa
43,https://via.placeholder.com/600/6ad437,eius hic autem ad beatae voluptas
44,https://via.placeholder.com/600/29fe9f,neque eum provident et inventore sed ipsam dignissimos quo
45,https://via.placeholder.com/600/c4084a,praesentium fugit quis aut voluptatum commodi dolore corrupti
46,https://via.placeholder.com/600/e9b68,quidem maiores in quia fugit dolore explicabo occaecati
47,https://via.placeholder.com/600/b4412f,et soluta est
48,https://via.placeholder.com/600/68e0a8,ut esse id
49,https://via.placeholder.com/600/2cd88b,quasi quae est modi quis quam in impedit
50,https://via.placeholder.com/600/9e59da,et inventore quae ut tempore eius voluptatum
